Number,Name,Type 1,Type 2,HP,Attack,Defense,Sp.Attack,Sp.Defense,Speed,Stat Total,Cluster_KMeans,Archetype
1,Bulbasaur,Grass,Poison,45,49,49,65,65,45,318,1,Balanced/Mixed
2,Ivysaur,Grass,Poison,60,62,63,80,80,60,405,0,Hybrids/Utility
3,Venusaur,Grass,Poison,80,82,83,100,100,80,525,0,Hybrids/Utility
4,Charmander,Fire,,39,52,43,60,50,65,309,1,Balanced/Mixed
5,Charmeleon,Fire,,58,64,58,80,65,80,405,1,Balanced/Mixed
6,Charizard,Fire,Flying,78,84,78,109,85,100,534,0,Hybrids/Utility
7,Squirtle,Water,,44,48,65,50,64,43,314,1,Balanced/Mixed
8,Wartortle,Water,,59,63,80,65,80,58,405,1,Balanced/Mixed
9,Blastoise,Water,,79,83,100,85,105,78,530,0,Hybrids/Utility
10,Caterpie,Bug,,45,30,35,20,20,45,195,1,Balanced/Mixed
11,Metapod,Bug,,50,20,55,25,25,30,205,1,Balanced/Mixed
12,Butterfree,Bug,Flying,60,45,50,90,80,70,395,0,Hybrids/Utility
13,Weedle,Bug,Poison,40,35,30,20,20,50,195,1,Balanced/Mixed
14,Kakuna,Bug,Poison,45,25,50,25,25,35,205,1,Balanced/Mixed
15,Beedrill,Bug,Poison,65,90,40,45,80,75,395,1,Balanced/Mixed
16,Pidgey,Normal,Flying,40,45,40,35,35,56,251,1,Balanced/Mixed
17,Pidgeotto,Normal,Flying,63,60,55,50,50,71,349,1,Balanced/Mixed
18,Pidgeot,Normal,Flying,83,80,75,70,70,101,479,2,Hybrids/Utility
19,Rattata,Normal,,30,56,35,25,35,72,253,1,Balanced/Mixed
20,Raticate,Normal,,55,81,60,50,70,97,413,1,Balanced/Mixed
21,Spearow,Normal,Flying,40,60,30,31,31,70,262,1,Balanced/Mixed
22,Fearow,Normal,Flying,65,90,65,61,61,100,442,2,Hybrids/Utility
23,Ekans,Poison,,35,60,44,40,54,55,288,1,Balanced/Mixed
24,Arbok,Poison,,60,95,69,65,79,80,448,2,Hybrids/Utility
25,Pikachu,Electric,,35,55,40,50,50,90,320,1,Balanced/Mixed
26,Raichu,Electric,,60,90,55,90,80,110,485,0,Hybrids/Utility
27,Sandshrew,Ground,,50,75,85,20,30,40,300,1,Balanced/Mixed
28,Sandslash,Ground,,75,100,110,45,55,65,450,2,Hybrids/Utility
29,Nidoran♀,Poison,,55,47,52,40,40,41,275,1,Balanced/Mixed
30,Nidorina,Poison,,70,62,67,55,55,56,365,1,Balanced/Mixed
31,Nidoqueen,Poison,Ground,90,92,87,75,85,76,505,2,Hybrids/Utility
32,Nidoran♂,Poison,,46,57,40,40,40,50,273,1,Balanced/Mixed
33,Nidorino,Poison,,61,72,57,55,55,65,365,1,Balanced/Mixed
34,Nidoking,Poison,Ground,81,102,77,85,75,85,505,2,Hybrids/Utility
35,Clefairy,Fairy,,70,45,48,60,65,35,323,1,Balanced/Mixed
36,Clefable,Fairy,,95,70,73,95,90,60,483,0,Hybrids/Utility
37,Vulpix,Fire,,38,41,40,50,65,65,299,1,Balanced/Mixed
38,Ninetales,Fire,,73,76,75,81,100,100,505,0,Hybrids/Utility
39,Jigglypuff,Normal,Fairy,115,45,20,45,25,20,270,1,Balanced/Mixed
40,Wigglytuff,Normal,Fairy,140,70,45,85,50,45,435,0,Hybrids/Utility
41,Zubat,Poison,Flying,40,45,35,30,40,55,245,1,Balanced/Mixed
42,Golbat,Poison,Flying,75,80,70,65,75,90,455,2,Hybrids/Utility
43,Oddish,Grass,Poison,45,50,55,75,65,30,320,1,Balanced/Mixed
44,Gloom,Grass,Poison,60,65,70,85,75,40,395,1,Balanced/Mixed
45,Vileplume,Grass,Poison,75,80,85,110,90,50,490,0,Hybrids/Utility
46,Paras,Bug,Grass,35,70,55,45,55,25,285,1,Balanced/Mixed
47,Parasect,Bug,Grass,60,95,80,60,80,30,405,2,Hybrids/Utility
48,Venonat,Bug,Poison,60,55,50,40,55,45,305,1,Balanced/Mixed
49,Venomoth,Bug,Poison,70,65,60,90,75,90,450,0,Hybrids/Utility
50,Diglett,Ground,,10,55,25,35,45,95,265,1,Balanced/Mixed
51,Dugtrio,Ground,,35,100,50,50,70,120,425,2,Hybrids/Utility
52,Meowth,Normal,,40,45,35,40,40,90,290,1,Balanced/Mixed
53,Persian,Normal,,65,70,60,65,65,115,440,0,Hybrids/Utility
54,Psyduck,Water,,50,52,48,65,50,55,320,1,Balanced/Mixed
55,Golduck,Water,,80,82,78,95,80,85,500,0,Hybrids/Utility
56,Mankey,Fighting,,40,80,35,35,45,70,305,1,Balanced/Mixed
57,Primeape,Fighting,,65,105,60,60,70,95,455,2,Hybrids/Utility
58,Growlithe,Fire,,55,70,45,70,50,60,350,1,Balanced/Mixed
59,Arcanine,Fire,,90,110,80,100,80,95,555,0,Hybrids/Utility
60,Poliwag,Water,,40,50,40,40,40,90,300,1,Balanced/Mixed
61,Poliwhirl,Water,,65,65,65,50,50,90,385,1,Balanced/Mixed
62,Poliwrath,Water,Fighting,90,95,95,70,90,70,510,2,Hybrids/Utility
63,Abra,Psychic,,25,20,15,105,55,90,310,1,Balanced/Mixed
64,Kadabra,Psychic,,40,35,30,120,70,105,400,0,Hybrids/Utility
65,Alakazam,Psychic,,55,50,45,135,95,120,500,0,Hybrids/Utility
66,Machop,Fighting,,70,80,50,35,35,35,305,1,Balanced/Mixed
67,Machoke,Fighting,,80,100,70,50,60,45,405,2,Hybrids/Utility
68,Machamp,Fighting,,90,130,80,65,85,55,505,2,Hybrids/Utility
69,Bellsprout,Grass,Poison,50,75,35,70,30,40,300,1,Balanced/Mixed
70,Weepinbell,Grass,Poison,65,90,50,85,45,55,390,1,Balanced/Mixed
71,Victreebel,Grass,Poison,80,105,65,100,70,70,490,0,Hybrids/Utility
72,Tentacool,Water,Poison,40,40,35,50,100,70,335,1,Balanced/Mixed
73,Tentacruel,Water,Poison,80,70,65,80,120,100,515,0,Hybrids/Utility
74,Geodude,Rock,Ground,40,80,100,30,30,20,300,1,Balanced/Mixed
75,Graveler,Rock,Ground,55,95,115,45,45,35,390,2,Hybrids/Utility
76,Golem,Rock,Ground,80,120,130,55,65,45,495,2,Hybrids/Utility
77,Ponyta,Fire,,50,85,55,65,65,90,410,1,Balanced/Mixed
78,Rapidash,Fire,,65,100,70,80,80,105,500,0,Hybrids/Utility
79,Slowpoke,Water,Psychic,90,65,65,40,40,15,315,1,Balanced/Mixed
80,Slowbro,Water,Psychic,95,75,110,100,80,30,490,0,Hybrids/Utility
81,Magnemite,Electric,Steel,25,35,70,95,55,45,325,1,Balanced/Mixed
82,Magneton,Electric,Steel,50,60,95,120,70,70,465,0,Hybrids/Utility
83,Farfetch'd,Normal,Flying,52,90,55,58,62,60,377,1,Balanced/Mixed
84,Doduo,Normal,Flying,35,85,45,35,35,75,310,1,Balanced/Mixed
85,Dodrio,Normal,Flying,60,110,70,60,60,110,470,2,Hybrids/Utility
86,Seel,Water,,65,45,55,45,70,45,325,1,Balanced/Mixed
87,Dewgong,Water,Ice,90,70,80,70,95,70,475,0,Hybrids/Utility
88,Grimer,Poison,,80,80,50,40,50,25,325,1,Balanced/Mixed
89,Muk,Poison,,105,105,75,65,100,50,500,2,Hybrids/Utility
90,Shellder,Water,,30,65,100,45,25,40,305,1,Balanced/Mixed
91,Cloyster,Water,Ice,50,95,180,85,45,70,525,2,Hybrids/Utility
92,Gastly,Ghost,Poison,30,35,30,100,35,80,310,1,Balanced/Mixed
93,Haunter,Ghost,Poison,45,50,45,115,55,95,405,0,Hybrids/Utility
94,Gengar,Ghost,Poison,60,65,60,130,75,110,500,0,Hybrids/Utility
95,Onix,Rock,Ground,35,45,160,30,45,70,385,2,Hybrids/Utility
96,Drowzee,Psychic,,60,48,45,43,90,42,328,1,Balanced/Mixed
97,Hypno,Psychic,,85,73,70,73,115,67,483,0,Hybrids/Utility
98,Krabby,Water,,30,105,90,25,25,50,325,2,Hybrids/Utility
99,Kingler,Water,,55,130,115,50,50,75,475,2,Hybrids/Utility
100,Voltorb,Electric,,40,30,50,55,55,100,330,1,Balanced/Mixed
101,Electrode,Electric,,60,50,70,80,80,150,490,0,Hybrids/Utility
102,Exeggcute,Grass,Psychic,60,40,80,60,45,40,325,1,Balanced/Mixed
103,Exeggutor,Grass,Psychic,95,95,85,125,75,55,530,0,Hybrids/Utility
104,Cubone,Ground,,50,50,95,40,50,35,320,1,Balanced/Mixed
105,Marowak,Ground,,60,80,110,50,80,45,425,2,Hybrids/Utility
106,Hitmonlee,Fighting,,50,120,53,35,110,87,455,2,Hybrids/Utility
107,Hitmonchan,Fighting,,50,105,79,35,110,76,455,2,Hybrids/Utility
108,Lickitung,Normal,,90,55,75,60,75,30,385,1,Balanced/Mixed
109,Koffing,Poison,,40,65,95,60,45,35,340,1,Balanced/Mixed
110,Weezing,Poison,,65,90,120,85,70,60,490,2,Hybrids/Utility
111,Rhyhorn,Ground,Rock,80,85,95,30,30,25,345,2,Hybrids/Utility
112,Rhydon,Ground,Rock,105,130,120,45,45,40,485,2,Hybrids/Utility
113,Chansey,Normal,,250,5,5,35,105,50,450,0,Hybrids/Utility
114,Tangela,Grass,,65,55,115,100,40,60,435,0,Hybrids/Utility
115,Kangaskhan,Normal,,105,95,80,40,80,90,490,2,Hybrids/Utility
116,Horsea,Water,,30,40,70,70,25,60,295,1,Balanced/Mixed
117,Seadra,Water,,55,65,95,95,45,85,440,0,Hybrids/Utility
118,Goldeen,Water,,45,67,60,35,50,63,320,1,Balanced/Mixed
119,Seaking,Water,,80,92,65,65,80,68,450,2,Hybrids/Utility
120,Staryu,Water,,30,45,55,70,55,85,340,1,Balanced/Mixed
121,Starmie,Water,Psychic,60,75,85,100,85,115,520,0,Hybrids/Utility
122,Mr. Mime,Psychic,Fairy,40,45,65,100,120,90,460,0,Hybrids/Utility
123,Scyther,Bug,Flying,70,110,80,55,80,105,500,2,Hybrids/Utility
124,Jynx,Ice,Psychic,65,50,35,115,95,95,455,0,Hybrids/Utility
125,Electabuzz,Electric,,65,83,57,95,85,105,490,0,Hybrids/Utility
126,Magmar,Fire,,65,95,57,100,85,93,495,0,Hybrids/Utility
127,Pinsir,Bug,,65,125,100,55,70,85,500,2,Hybrids/Utility
128,Tauros,Normal,,75,100,95,40,70,110,490,2,Hybrids/Utility
129,Magikarp,Water,,20,10,55,15,20,80,200,1,Balanced/Mixed
130,Gyarados,Water,Flying,95,125,79,60,100,81,540,2,Hybrids/Utility
131,Lapras,Water,Ice,130,85,80,85,95,60,535,0,Hybrids/Utility
132,Ditto,Normal,,48,48,48,48,48,48,288,1,Balanced/Mixed
133,Eevee,Normal,,55,55,50,45,65,55,325,1,Balanced/Mixed
134,Vaporeon,Water,,130,65,60,110,95,65,525,0,Hybrids/Utility
135,Jolteon,Electric,,65,65,60,110,95,130,525,0,Hybrids/Utility
136,Flareon,Fire,,65,130,60,95,110,65,525,0,Hybrids/Utility
137,Porygon,Normal,,65,60,70,85,75,40,395,1,Balanced/Mixed
138,Omanyte,Rock,Water,35,40,100,90,55,35,355,1,Balanced/Mixed
139,Omastar,Rock,Water,70,60,125,115,70,55,495,0,Hybrids/Utility
140,Kabuto,Rock,Water,30,80,90,55,45,55,355,1,Balanced/Mixed
141,Kabutops,Rock,Water,60,115,105,65,70,80,495,2,Hybrids/Utility
142,Aerodactyl,Rock,Flying,80,105,65,60,75,130,515,2,Hybrids/Utility
143,Snorlax,Normal,,160,110,65,65,110,30,540,2,Hybrids/Utility
144,Articuno,Ice,Flying,90,85,100,95,125,85,580,0,Hybrids/Utility
145,Zapdos,Electric,Flying,90,90,85,125,90,100,580,0,Hybrids/Utility
146,Moltres,Fire,Flying,90,100,90,125,85,90,580,0,Hybrids/Utility
147,Dratini,Dragon,,41,64,45,50,50,50,300,1,Balanced/Mixed
148,Dragonair,Dragon,,61,84,65,70,70,70,420,1,Balanced/Mixed
149,Dragonite,Dragon,Flying,91,134,95,100,100,80,600,2,Hybrids/Utility
150,Mewtwo,Psychic,,106,110,90,154,90,130,680,0,Hybrids/Utility
151,Mew,Psychic,,100,100,100,100,100,100,600,0,Hybrids/Utility
152,Chikorita,Grass,,45,49,65,49,65,45,318,1,Balanced/Mixed
153,Bayleef,Grass,,60,62,80,63,80,60,405,1,Balanced/Mixed
154,Meganium,Grass,,80,82,100,83,100,80,525,0,Hybrids/Utility
155,Cyndaquil,Fire,,39,52,43,60,50,65,309,1,Balanced/Mixed
156,Quilava,Fire,,58,64,58,80,65,80,405,1,Balanced/Mixed
157,Typhlosion,Fire,,78,84,78,109,85,100,534,0,Hybrids/Utility
158,Totodile,Water,,50,65,64,44,48,43,314,1,Balanced/Mixed
159,Croconaw,Water,,65,80,80,59,63,58,405,2,Hybrids/Utility
160,Feraligatr,Water,,85,105,100,79,83,78,530,2,Hybrids/Utility
161,Sentret,Normal,,35,46,34,35,45,20,215,1,Balanced/Mixed
162,Furret,Normal,,85,76,64,45,55,90,415,2,Hybrids/Utility
163,Hoothoot,Normal,Flying,60,30,30,36,56,50,262,1,Balanced/Mixed
164,Noctowl,Normal,Flying,100,50,50,86,96,70,452,0,Hybrids/Utility
165,Ledyba,Bug,Flying,40,20,30,40,80,55,265,1,Balanced/Mixed
166,Ledian,Bug,Flying,55,35,50,55,110,85,390,0,Hybrids/Utility
167,Spinarak,Bug,Poison,40,60,40,40,40,30,250,1,Balanced/Mixed
168,Ariados,Bug,Poison,70,90,70,60,70,40,400,2,Hybrids/Utility
169,Crobat,Poison,Flying,85,90,80,70,80,130,535,2,Hybrids/Utility
170,Chinchou,Water,Electric,75,38,38,56,56,67,330,1,Balanced/Mixed
171,Lanturn,Water,Electric,125,58,58,76,76,67,460,0,Hybrids/Utility
172,Pichu,Electric,,20,40,15,35,35,60,205,1,Balanced/Mixed
173,Cleffa,Fairy,,50,25,28,45,55,15,218,1,Balanced/Mixed
174,Igglybuff,Normal,Fairy,90,30,15,40,20,15,210,1,Balanced/Mixed
175,Togepi,Fairy,,35,20,65,40,65,20,245,1,Balanced/Mixed
176,Togetic,Fairy,Flying,55,40,85,80,105,40,405,0,Hybrids/Utility
177,Natu,Psychic,Flying,40,50,45,70,45,70,320,1,Balanced/Mixed
178,Xatu,Psychic,Flying,65,75,70,95,70,95,470,0,Hybrids/Utility
179,Mareep,Electric,,55,40,40,65,45,35,280,1,Balanced/Mixed
180,Flaaffy,Electric,,70,55,55,80,60,45,365,1,Balanced/Mixed
181,Ampharos,Electric,,90,75,85,115,90,55,510,0,Hybrids/Utility
182,Bellossom,Grass,,75,80,95,90,100,50,490,0,Hybrids/Utility
183,Marill,Water,Fairy,70,20,50,20,50,40,250,1,Balanced/Mixed
184,Azumarill,Water,Fairy,100,50,80,60,80,50,420,0,Hybrids/Utility
185,Sudowoodo,Rock,,70,100,115,30,65,30,410,2,Hybrids/Utility
186,Politoed,Water,,90,75,75,90,100,70,500,0,Hybrids/Utility
187,Hoppip,Grass,Flying,35,35,40,35,55,50,250,1,Balanced/Mixed
188,Skiploom,Grass,Flying,55,45,50,45,65,80,340,1,Balanced/Mixed
189,Jumpluff,Grass,Flying,75,55,70,55,95,110,460,0,Hybrids/Utility
190,Aipom,Normal,,55,70,55,40,55,85,360,1,Balanced/Mixed
191,Sunkern,Grass,,30,30,30,30,30,30,180,1,Balanced/Mixed
192,Sunflora,Grass,,75,75,55,105,85,30,425,0,Hybrids/Utility
193,Yanma,Bug,Flying,65,65,45,75,45,95,390,1,Balanced/Mixed
194,Wooper,Water,Ground,55,45,45,25,25,15,210,1,Balanced/Mixed
195,Quagsire,Water,Ground,95,85,85,65,65,35,430,2,Hybrids/Utility
196,Espeon,Psychic,,65,65,60,130,95,110,525,0,Hybrids/Utility
197,Umbreon,Dark,,95,65,110,60,130,65,525,0,Hybrids/Utility
198,Murkrow,Dark,Flying,60,85,42,85,42,91,405,1,Balanced/Mixed
199,Slowking,Water,Psychic,95,75,80,100,110,30,490,0,Hybrids/Utility
200,Misdreavus,Ghost,,60,60,60,85,85,85,435,0,Hybrids/Utility
201,Unown,Psychic,,48,72,48,72,48,48,336,1,Balanced/Mixed
202,Wobbuffet,Psychic,,190,33,58,33,58,33,405,1,Balanced/Mixed
203,Girafarig,Normal,Psychic,70,80,65,90,65,85,455,0,Hybrids/Utility
204,Pineco,Bug,,50,65,90,35,35,15,290,1,Balanced/Mixed
205,Forretress,Bug,Steel,75,90,140,60,60,40,465,2,Hybrids/Utility
206,Dunsparce,Normal,,100,70,70,65,65,45,415,1,Balanced/Mixed
207,Gligar,Ground,Flying,65,75,105,35,65,85,430,2,Hybrids/Utility
208,Steelix,Steel,Ground,75,85,200,55,65,30,510,2,Hybrids/Utility
209,Snubbull,Fairy,,60,80,50,40,40,30,300,1,Balanced/Mixed
210,Granbull,Fairy,,90,120,75,60,60,45,450,2,Hybrids/Utility
211,Qwilfish,Water,Poison,65,95,85,55,55,85,440,2,Hybrids/Utility
212,Scizor,Bug,Steel,70,130,100,55,80,65,500,2,Hybrids/Utility
213,Shuckle,Bug,Rock,20,10,230,10,230,5,505,0,Hybrids/Utility
214,Heracross,Bug,Fighting,80,125,75,40,95,85,500,2,Hybrids/Utility
215,Sneasel,Dark,Ice,55,95,55,35,75,115,430,2,Hybrids/Utility
216,Teddiursa,Normal,,60,80,50,50,50,40,330,1,Balanced/Mixed
217,Ursaring,Normal,,90,130,75,75,75,55,500,2,Hybrids/Utility
218,Slugma,Fire,,40,40,40,70,40,20,250,1,Balanced/Mixed
219,Magcargo,Fire,Rock,60,50,120,90,80,30,430,0,Hybrids/Utility
220,Swinub,Ice,Ground,50,50,40,30,30,50,250,1,Balanced/Mixed
221,Piloswine,Ice,Ground,100,100,80,60,60,50,450,2,Hybrids/Utility
222,Corsola,Water,Rock,65,55,95,65,95,35,410,0,Hybrids/Utility
223,Remoraid,Water,,35,65,35,65,35,65,300,1,Balanced/Mixed
224,Octillery,Water,,75,105,75,105,75,45,480,0,Hybrids/Utility
225,Delibird,Ice,Flying,45,55,45,65,45,75,330,1,Balanced/Mixed
226,Mantine,Water,Flying,85,40,70,80,140,70,485,0,Hybrids/Utility
227,Skarmory,Steel,Flying,65,80,140,40,70,70,465,2,Hybrids/Utility
228,Houndour,Dark,Fire,45,60,30,80,50,65,330,1,Balanced/Mixed
229,Houndoom,Dark,Fire,75,90,50,110,80,95,500,0,Hybrids/Utility
230,Kingdra,Water,Dragon,75,95,95,95,95,85,540,0,Hybrids/Utility
231,Phanpy,Ground,,90,60,60,40,40,40,330,1,Balanced/Mixed
232,Donphan,Ground,,90,120,120,60,60,50,500,2,Hybrids/Utility
233,Porygon2,Normal,,85,80,90,105,95,60,515,0,Hybrids/Utility
234,Stantler,Normal,,73,95,62,85,65,85,465,0,Hybrids/Utility
235,Smeargle,Normal,,55,20,35,20,45,75,250,1,Balanced/Mixed
236,Tyrogue,Fighting,,35,35,35,35,35,35,210,1,Balanced/Mixed
237,Hitmontop,Fighting,,50,95,95,35,110,70,455,2,Hybrids/Utility
238,Smoochum,Ice,Psychic,45,30,15,85,65,65,305,1,Balanced/Mixed
239,Elekid,Electric,,45,63,37,65,55,95,360,1,Balanced/Mixed
240,Magby,Fire,,45,75,37,70,55,83,365,1,Balanced/Mixed
241,Miltank,Normal,,95,80,105,40,70,100,490,2,Hybrids/Utility
242,Blissey,Normal,,255,10,10,75,135,55,540,0,Hybrids/Utility
243,Raikou,Electric,,90,85,75,115,100,115,580,0,Hybrids/Utility
244,Entei,Fire,,115,115,85,90,75,100,580,2,Hybrids/Utility
245,Suicune,Water,,100,75,115,90,115,85,580,0,Hybrids/Utility
246,Larvitar,Rock,Ground,50,64,50,45,50,41,300,1,Balanced/Mixed
247,Pupitar,Rock,Ground,70,84,70,65,70,51,410,1,Balanced/Mixed
248,Tyranitar,Rock,Dark,100,134,110,95,100,61,600,2,Hybrids/Utility
249,Lugia,Psychic,Flying,106,90,130,90,154,110,680,0,Hybrids/Utility
250,Ho-oh,Fire,Flying,106,130,90,110,154,90,680,0,Hybrids/Utility
251,Celebi,Psychic,Grass,100,100,100,100,100,100,600,0,Hybrids/Utility
252,Treecko,Grass,,40,45,35,65,55,70,310,1,Balanced/Mixed
253,Grovyle,Grass,,50,65,45,85,65,95,405,0,Hybrids/Utility
254,Sceptile,Grass,,70,85,65,105,85,120,530,0,Hybrids/Utility
255,Torchic,Fire,,45,60,40,70,50,45,310,1,Balanced/Mixed
256,Combusken,Fire,Fighting,60,85,60,85,60,55,405,1,Balanced/Mixed
257,Blaziken,Fire,Fighting,80,120,70,110,70,80,530,0,Hybrids/Utility
258,Mudkip,Water,,50,70,50,50,50,40,310,1,Balanced/Mixed
259,Marshtomp,Water,Ground,70,85,70,60,70,50,405,1,Balanced/Mixed
260,Swampert,Water,Ground,100,110,90,85,90,60,535,2,Hybrids/Utility
261,Poochyena,Dark,,35,55,35,30,30,35,220,1,Balanced/Mixed
262,Mightyena,Dark,,70,90,70,60,60,70,420,2,Hybrids/Utility
263,Zigzagoon,Normal,,38,30,41,30,41,60,240,1,Balanced/Mixed
264,Linoone,Normal,,78,70,61,50,61,100,420,1,Balanced/Mixed
265,Wurmple,Bug,,45,45,35,20,30,20,195,1,Balanced/Mixed
266,Silcoon,Bug,,50,35,55,25,25,15,205,1,Balanced/Mixed
267,Beautifly,Bug,Flying,60,70,50,100,50,65,395,1,Balanced/Mixed
268,Cascoon,Bug,,50,35,55,25,25,15,205,1,Balanced/Mixed
269,Dustox,Bug,Poison,60,50,70,50,90,65,385,1,Balanced/Mixed
270,Lotad,Water,Grass,40,30,30,40,50,30,220,1,Balanced/Mixed
271,Lombre,Water,Grass,60,50,50,60,70,50,340,1,Balanced/Mixed
272,Ludicolo,Water,Grass,80,70,70,90,100,70,480,0,Hybrids/Utility
273,Seedot,Grass,,40,40,50,30,30,30,220,1,Balanced/Mixed
274,Nuzleaf,Grass,Dark,70,70,40,60,40,60,340,1,Balanced/Mixed
275,Shiftry,Grass,Dark,90,100,60,90,60,80,480,0,Hybrids/Utility
276,Taillow,Normal,Flying,40,55,30,30,30,85,270,1,Balanced/Mixed
277,Swellow,Normal,Flying,60,85,60,75,50,125,455,2,Hybrids/Utility
278,Wingull,Water,Flying,40,30,30,55,30,85,270,1,Balanced/Mixed
279,Pelipper,Water,Flying,60,50,100,95,70,65,440,0,Hybrids/Utility
280,Ralts,Psychic,Fairy,28,25,25,45,35,40,198,1,Balanced/Mixed
281,Kirlia,Psychic,Fairy,38,35,35,65,55,50,278,1,Balanced/Mixed
282,Gardevoir,Psychic,Fairy,68,65,65,125,115,80,518,0,Hybrids/Utility
283,Surskit,Bug,Water,40,30,32,50,52,65,269,1,Balanced/Mixed
284,Masquerain,Bug,Flying,70,60,62,100,82,80,454,0,Hybrids/Utility
285,Shroomish,Grass,,60,40,60,40,60,35,295,1,Balanced/Mixed
286,Breloom,Grass,Fighting,60,130,80,60,60,70,460,2,Hybrids/Utility
287,Slakoth,Normal,,60,60,60,35,35,30,280,1,Balanced/Mixed
288,Vigoroth,Normal,,80,80,80,55,55,90,440,2,Hybrids/Utility
289,Slaking,Normal,,150,160,100,95,65,100,670,2,Hybrids/Utility
290,Nincada,Bug,Ground,31,45,90,30,30,40,266,1,Balanced/Mixed
291,Ninjask,Bug,Flying,61,90,45,50,50,160,456,2,Hybrids/Utility
292,Shedinja,Bug,Ghost,1,90,45,30,30,40,236,1,Balanced/Mixed
293,Whismur,Normal,,64,51,23,51,23,28,240,1,Balanced/Mixed
294,Loudred,Normal,,84,71,43,71,43,48,360,1,Balanced/Mixed
295,Exploud,Normal,,104,91,63,91,73,68,490,0,Hybrids/Utility
296,Makuhita,Fighting,,72,60,30,20,30,25,237,1,Balanced/Mixed
297,Hariyama,Fighting,,144,120,60,40,60,50,474,2,Hybrids/Utility
298,Azurill,Normal,Fairy,50,20,40,20,40,20,190,1,Balanced/Mixed
299,Nosepass,Rock,,30,45,135,45,90,30,375,1,Balanced/Mixed
300,Skitty,Normal,,50,45,45,35,35,50,260,1,Balanced/Mixed
301,Delcatty,Normal,,70,65,65,55,55,90,400,1,Balanced/Mixed
302,Sableye,Dark,Ghost,50,75,75,65,65,50,380,1,Balanced/Mixed
303,Mawile,Steel,Fairy,50,85,85,55,55,50,380,1,Balanced/Mixed
304,Aron,Steel,Rock,50,70,100,40,40,30,330,1,Balanced/Mixed
305,Lairon,Steel,Rock,60,90,140,50,50,40,430,2,Hybrids/Utility
306,Aggron,Steel,Rock,70,110,180,60,60,50,530,2,Hybrids/Utility
307,Meditite,Fighting,Psychic,30,40,55,40,55,60,280,1,Balanced/Mixed
308,Medicham,Fighting,Psychic,60,60,75,60,75,80,410,1,Balanced/Mixed
309,Electrike,Electric,,40,45,40,65,40,65,295,1,Balanced/Mixed
310,Manectric,Electric,,70,75,60,105,60,105,475,0,Hybrids/Utility
311,Plusle,Electric,,60,50,40,85,75,95,405,0,Hybrids/Utility
312,Minun,Electric,,60,40,50,75,85,95,405,0,Hybrids/Utility
313,Volbeat,Bug,,65,73,75,47,85,85,430,2,Hybrids/Utility
314,Illumise,Bug,,65,47,75,73,85,85,430,0,Hybrids/Utility
315,Roselia,Grass,Poison,50,60,45,100,80,65,400,0,Hybrids/Utility
316,Gulpin,Poison,,70,43,53,43,53,40,302,1,Balanced/Mixed
317,Swalot,Poison,,100,73,83,73,83,55,467,0,Hybrids/Utility
318,Carvanha,Water,Dark,45,90,20,65,20,65,305,1,Balanced/Mixed
319,Sharpedo,Water,Dark,70,120,40,95,40,95,460,2,Hybrids/Utility
320,Wailmer,Water,,130,70,35,70,35,60,400,1,Balanced/Mixed
321,Wailord,Water,,170,90,45,90,45,60,500,0,Hybrids/Utility
322,Numel,Fire,Ground,60,60,40,65,45,35,305,1,Balanced/Mixed
323,Camerupt,Fire,Ground,70,100,70,105,75,40,460,0,Hybrids/Utility
324,Torkoal,Fire,,70,85,140,85,70,20,470,2,Hybrids/Utility
325,Spoink,Psychic,,60,25,35,70,80,60,330,1,Balanced/Mixed
326,Grumpig,Psychic,,80,45,65,90,110,80,470,0,Hybrids/Utility
327,Spinda,Normal,,60,60,60,60,60,60,360,1,Balanced/Mixed
328,Trapinch,Ground,,45,100,45,45,45,10,290,1,Balanced/Mixed
329,Vibrava,Ground,Dragon,50,70,50,50,50,70,340,1,Balanced/Mixed
330,Flygon,Ground,Dragon,80,100,80,80,80,100,520,2,Hybrids/Utility
331,Cacnea,Grass,,50,85,40,85,40,35,335,1,Balanced/Mixed
332,Cacturne,Grass,Dark,70,115,60,115,60,55,475,0,Hybrids/Utility
333,Swablu,Normal,Flying,45,40,60,40,75,50,310,1,Balanced/Mixed
334,Altaria,Dragon,Flying,75,70,90,70,105,80,490,0,Hybrids/Utility
335,Zangoose,Normal,,73,115,60,60,60,90,458,2,Hybrids/Utility
336,Seviper,Poison,,73,100,60,100,60,65,458,0,Hybrids/Utility
337,Lunatone,Rock,Psychic,90,55,65,95,85,70,460,0,Hybrids/Utility
338,Solrock,Rock,Psychic,90,95,85,55,65,70,460,2,Hybrids/Utility
339,Barboach,Water,Ground,50,48,43,46,41,60,288,1,Balanced/Mixed
340,Whiscash,Water,Ground,110,78,73,76,71,60,468,0,Hybrids/Utility
341,Corphish,Water,,43,80,65,50,35,35,308,1,Balanced/Mixed
342,Crawdaunt,Water,Dark,63,120,85,90,55,55,468,2,Hybrids/Utility
343,Baltoy,Ground,Psychic,40,40,55,40,70,55,300,1,Balanced/Mixed
344,Claydol,Ground,Psychic,60,70,105,70,120,75,500,0,Hybrids/Utility
345,Lileep,Rock,Grass,66,41,77,61,87,23,355,1,Balanced/Mixed
346,Cradily,Rock,Grass,86,81,97,81,107,43,495,0,Hybrids/Utility
347,Anorith,Rock,Bug,45,95,50,40,50,75,355,1,Balanced/Mixed
348,Armaldo,Rock,Bug,75,125,100,70,80,45,495,2,Hybrids/Utility
349,Feebas,Water,,20,15,20,10,55,80,200,1,Balanced/Mixed
350,Milotic,Water,,95,60,79,100,125,81,540,0,Hybrids/Utility
351,Castform,Normal,,70,70,70,70,70,70,420,1,Balanced/Mixed
352,Kecleon,Normal,,60,90,70,60,120,40,440,0,Hybrids/Utility
353,Shuppet,Ghost,,44,75,35,63,33,45,295,1,Balanced/Mixed
354,Banette,Ghost,,64,115,65,83,63,65,455,2,Hybrids/Utility
355,Duskull,Ghost,,20,40,90,30,90,25,295,1,Balanced/Mixed
356,Dusclops,Ghost,,40,70,130,60,130,25,455,2,Hybrids/Utility
357,Tropius,Grass,Flying,99,68,83,72,87,51,460,0,Hybrids/Utility
358,Chimecho,Psychic,,75,50,80,95,90,65,455,0,Hybrids/Utility
359,Absol,Dark,,65,130,60,75,60,75,465,2,Hybrids/Utility
360,Wynaut,Psychic,,95,23,48,23,48,23,260,1,Balanced/Mixed
361,Snorunt,Ice,,50,50,50,50,50,50,300,1,Balanced/Mixed
362,Glalie,Ice,,80,80,80,80,80,80,480,0,Hybrids/Utility
363,Spheal,Ice,Water,70,40,50,55,50,25,290,1,Balanced/Mixed
364,Sealeo,Ice,Water,90,60,70,75,70,45,410,0,Hybrids/Utility
365,Walrein,Ice,Water,110,80,90,95,90,65,530,0,Hybrids/Utility
366,Clamperl,Water,,35,64,85,74,55,32,345,1,Balanced/Mixed
367,Huntail,Water,,55,104,105,94,75,52,485,2,Hybrids/Utility
368,Gorebyss,Water,,55,84,105,114,75,52,485,0,Hybrids/Utility
369,Relicanth,Water,Rock,100,90,130,45,65,55,485,2,Hybrids/Utility
370,Luvdisc,Water,,43,30,55,40,65,97,330,1,Balanced/Mixed
371,Bagon,Dragon,,45,75,60,40,30,50,300,1,Balanced/Mixed
372,Shelgon,Dragon,,65,95,100,60,50,50,420,2,Hybrids/Utility
373,Salamence,Dragon,Flying,95,135,80,110,80,100,600,2,Hybrids/Utility
374,Beldum,Steel,Psychic,40,55,80,35,60,30,300,1,Balanced/Mixed
375,Metang,Steel,Psychic,60,75,100,55,80,50,420,2,Hybrids/Utility
376,Metagross,Steel,Psychic,80,135,130,95,90,70,600,2,Hybrids/Utility
377,Regirock,Rock,,80,100,200,50,100,50,580,2,Hybrids/Utility
378,Regice,Ice,,80,50,100,100,200,50,580,0,Hybrids/Utility
379,Registeel,Steel,,80,75,150,75,150,50,580,0,Hybrids/Utility
380,Latias,Dragon,Psychic,80,80,90,110,130,110,600,0,Hybrids/Utility
381,Latios,Dragon,Psychic,80,90,80,130,110,110,600,0,Hybrids/Utility
382,Kyogre,Water,,100,100,90,150,140,90,670,0,Hybrids/Utility
383,Groudon,Ground,,100,150,140,100,90,90,670,2,Hybrids/Utility
384,Rayquaza,Dragon,Flying,105,150,90,150,90,95,680,0,Hybrids/Utility
385,Jirachi,Steel,Psychic,100,100,100,100,100,100,600,0,Hybrids/Utility
386,Deoxys,Psychic,,50,150,50,150,50,150,600,0,Hybrids/Utility
387,Turtwig,Grass,,55,68,64,45,55,31,318,1,Balanced/Mixed
388,Grotle,Grass,,75,89,85,55,65,36,405,2,Hybrids/Utility
389,Torterra,Grass,Ground,95,109,105,75,85,56,525,2,Hybrids/Utility
390,Chimchar,Fire,,44,58,44,58,44,61,309,1,Balanced/Mixed
391,Monferno,Fire,Fighting,64,78,52,78,52,81,405,1,Balanced/Mixed
392,Infernape,Fire,Fighting,76,104,71,104,71,108,534,0,Hybrids/Utility
393,Piplup,Water,,53,51,53,61,56,40,314,1,Balanced/Mixed
394,Prinplup,Water,,64,66,68,81,76,50,405,0,Hybrids/Utility
395,Empoleon,Water,Steel,84,86,88,111,101,60,530,0,Hybrids/Utility
396,Starly,Normal,Flying,40,55,30,30,30,60,245,1,Balanced/Mixed
397,Staravia,Normal,Flying,55,75,50,40,40,80,340,1,Balanced/Mixed
398,Staraptor,Normal,Flying,85,120,70,50,60,100,485,2,Hybrids/Utility
399,Bidoof,Normal,,59,45,40,35,40,31,250,1,Balanced/Mixed
400,Bibarel,Normal,Water,79,85,60,55,60,71,410,2,Hybrids/Utility
401,Kricketot,Bug,,37,25,41,25,41,25,194,1,Balanced/Mixed
402,Kricketune,Bug,,77,85,51,55,51,65,384,1,Balanced/Mixed
403,Shinx,Electric,,45,65,34,40,34,45,263,1,Balanced/Mixed
404,Luxio,Electric,,60,85,49,60,49,60,363,1,Balanced/Mixed
405,Luxray,Electric,,80,120,79,95,79,70,523,2,Hybrids/Utility
406,Budew,Grass,Poison,40,30,35,50,70,55,280,1,Balanced/Mixed
407,Roserade,Grass,Poison,60,70,65,125,105,90,515,0,Hybrids/Utility
408,Cranidos,Rock,,67,125,40,30,30,58,350,2,Hybrids/Utility
409,Rampardos,Rock,,97,165,60,65,50,58,495,2,Hybrids/Utility
410,Shieldon,Rock,Steel,30,42,118,42,88,30,350,1,Balanced/Mixed
411,Bastiodon,Rock,Steel,60,52,168,47,138,30,495,2,Hybrids/Utility
412,Burmy,Bug,,40,29,45,29,45,36,224,1,Balanced/Mixed
413,Wormadam,Bug,Grass,60,59,85,79,105,36,424,0,Hybrids/Utility
414,Mothim,Bug,Flying,70,94,50,94,50,66,424,0,Hybrids/Utility
415,Combee,Bug,Flying,30,30,42,30,42,70,244,1,Balanced/Mixed
416,Vespiquen,Bug,Flying,70,80,102,80,102,40,474,0,Hybrids/Utility
417,Pachirisu,Electric,,60,45,70,45,90,95,405,1,Balanced/Mixed
418,Buizel,Water,,55,65,35,60,30,85,330,1,Balanced/Mixed
419,Floatzel,Water,,85,105,55,85,50,115,495,2,Hybrids/Utility
420,Cherubi,Grass,,45,35,45,62,53,35,275,1,Balanced/Mixed
421,Cherrim,Grass,,70,60,70,87,78,85,450,0,Hybrids/Utility
422,Shellos,Water,,76,48,48,57,62,34,325,1,Balanced/Mixed
423,Gastrodon,Water,Ground,111,83,68,92,82,39,475,0,Hybrids/Utility
424,Ambipom,Normal,,75,100,66,60,66,115,482,2,Hybrids/Utility
425,Drifloon,Ghost,Flying,90,50,34,60,44,70,348,1,Balanced/Mixed
426,Drifblim,Ghost,Flying,150,80,44,90,54,80,498,0,Hybrids/Utility
427,Buneary,Normal,,55,66,44,44,56,85,350,1,Balanced/Mixed
428,Lopunny,Normal,,65,76,84,54,96,105,480,2,Hybrids/Utility
429,Mismagius,Ghost,,60,60,60,105,105,105,495,0,Hybrids/Utility
430,Honchkrow,Dark,Flying,100,125,52,105,52,71,505,2,Hybrids/Utility
431,Glameow,Normal,,49,55,42,42,37,85,310,1,Balanced/Mixed
432,Purugly,Normal,,71,82,64,64,59,112,452,2,Hybrids/Utility
433,Chingling,Psychic,,45,30,50,65,50,45,285,1,Balanced/Mixed
434,Stunky,Poison,Dark,63,63,47,41,41,74,329,1,Balanced/Mixed
435,Skuntank,Poison,Dark,103,93,67,71,61,84,479,2,Hybrids/Utility
436,Bronzor,Steel,Psychic,57,24,86,24,86,23,300,1,Balanced/Mixed
437,Bronzong,Steel,Psychic,67,89,116,79,116,33,500,2,Hybrids/Utility
438,Bonsly,Rock,,50,80,95,10,45,10,290,1,Balanced/Mixed
439,Mime Jr.,Psychic,Fairy,20,25,45,70,90,60,310,1,Balanced/Mixed
440,Happiny,Normal,,100,5,5,15,65,30,220,1,Balanced/Mixed
441,Chatot,Normal,Flying,76,65,45,92,42,91,411,0,Hybrids/Utility
442,Spiritomb,Ghost,Dark,50,92,108,92,108,35,485,0,Hybrids/Utility
443,Gible,Dragon,Ground,58,70,45,40,45,42,300,1,Balanced/Mixed
444,Gabite,Dragon,Ground,68,90,65,50,55,82,410,2,Hybrids/Utility
445,Garchomp,Dragon,Ground,108,130,95,80,85,102,600,2,Hybrids/Utility
446,Munchlax,Normal,,135,85,40,40,85,5,390,1,Balanced/Mixed
447,Riolu,Fighting,,40,70,40,35,40,60,285,1,Balanced/Mixed
448,Lucario,Fighting,Steel,70,110,70,115,70,90,525,0,Hybrids/Utility
449,Hippopotas,Ground,,68,72,78,38,42,32,330,1,Balanced/Mixed
450,Hippowdon,Ground,,108,112,118,68,72,47,525,2,Hybrids/Utility
451,Skorupi,Poison,Bug,40,50,90,30,55,65,330,1,Balanced/Mixed
452,Drapion,Poison,Dark,70,90,110,60,75,95,500,2,Hybrids/Utility
453,Croagunk,Poison,Fighting,48,61,40,61,40,50,300,1,Balanced/Mixed
454,Toxicroak,Poison,Fighting,83,106,65,86,65,85,490,2,Hybrids/Utility
455,Carnivine,Grass,,74,100,72,90,72,46,454,2,Hybrids/Utility
456,Finneon,Water,,49,49,56,49,61,66,330,1,Balanced/Mixed
457,Lumineon,Water,,69,69,76,69,86,91,460,0,Hybrids/Utility
458,Mantyke,Water,Flying,45,20,50,60,120,50,345,1,Balanced/Mixed
459,Snover,Grass,Ice,60,62,50,62,60,40,334,1,Balanced/Mixed
460,Abomasnow,Grass,Ice,90,92,75,92,85,60,494,0,Hybrids/Utility
461,Weavile,Dark,Ice,70,120,65,45,85,125,510,2,Hybrids/Utility
462,Magnezone,Electric,Steel,70,70,115,130,90,60,535,0,Hybrids/Utility
463,Lickilicky,Normal,,110,85,95,80,95,50,515,0,Hybrids/Utility
464,Rhyperior,Ground,Rock,115,140,130,55,55,40,535,2,Hybrids/Utility
465,Tangrowth,Grass,,100,100,125,110,50,50,535,2,Hybrids/Utility
466,Electivire,Electric,,75,123,67,95,85,95,540,0,Hybrids/Utility
467,Magmortar,Fire,,75,95,67,125,95,83,540,0,Hybrids/Utility
468,Togekiss,Fairy,Flying,85,50,95,120,115,80,545,0,Hybrids/Utility
469,Yanmega,Bug,Flying,86,76,86,116,56,95,515,0,Hybrids/Utility
470,Leafeon,Grass,,65,110,130,60,65,95,525,2,Hybrids/Utility
471,Glaceon,Ice,,65,60,110,130,95,65,525,0,Hybrids/Utility
472,Gliscor,Ground,Flying,75,95,125,45,75,95,510,2,Hybrids/Utility
473,Mamoswine,Ice,Ground,110,130,80,70,60,80,530,2,Hybrids/Utility
474,Porygon-Z,Normal,,85,80,70,135,75,90,535,0,Hybrids/Utility
475,Gallade,Psychic,Fighting,68,125,65,65,115,80,518,2,Hybrids/Utility
476,Probopass,Rock,Steel,60,55,145,75,150,40,525,0,Hybrids/Utility
477,Dusknoir,Ghost,,45,100,135,65,135,45,525,2,Hybrids/Utility
478,Froslass,Ice,Ghost,70,80,70,80,70,110,480,0,Hybrids/Utility
479,Rotom,Electric,Ghost,50,50,77,95,77,91,440,0,Hybrids/Utility
480,Uxie,Psychic,,75,75,130,75,130,95,580,0,Hybrids/Utility
481,Mesprit,Psychic,,80,105,105,105,105,80,580,0,Hybrids/Utility
482,Azelf,Psychic,,75,125,70,125,70,115,580,0,Hybrids/Utility
483,Dialga,Steel,Dragon,100,120,120,150,100,90,680,0,Hybrids/Utility
484,Palkia,Water,Dragon,90,120,100,150,120,100,680,0,Hybrids/Utility
485,Heatran,Fire,Steel,91,90,106,130,106,77,600,0,Hybrids/Utility
486,Regigigas,Normal,,110,160,110,80,110,100,670,2,Hybrids/Utility
487,Giratina,Ghost,Dragon,150,100,120,100,120,90,680,0,Hybrids/Utility
488,Cresselia,Psychic,,120,70,110,75,120,85,580,0,Hybrids/Utility
489,Phione,Water,,80,80,80,80,80,80,480,0,Hybrids/Utility
490,Manaphy,Water,,100,100,100,100,100,100,600,0,Hybrids/Utility
491,Darkrai,Dark,,70,90,90,135,90,125,600,0,Hybrids/Utility
492,Shaymin,Grass,,100,100,100,100,100,100,600,0,Hybrids/Utility
493,Arceus,Normal,,120,120,120,120,120,120,720,0,Hybrids/Utility
494,Victini,Psychic,Fire,100,100,100,100,100,100,600,0,Hybrids/Utility
495,Snivy,Grass,,45,45,55,45,55,63,308,1,Balanced/Mixed
496,Servine,Grass,,60,60,75,60,75,83,413,1,Balanced/Mixed
497,Serperior,Grass,,75,75,95,75,95,113,528,0,Hybrids/Utility
498,Tepig,Fire,,65,63,45,45,45,45,308,1,Balanced/Mixed
499,Pignite,Fire,Fighting,90,93,55,70,55,55,418,2,Hybrids/Utility
500,Emboar,Fire,Fighting,110,123,65,100,65,65,528,2,Hybrids/Utility
501,Oshawott,Water,,55,55,45,63,45,45,308,1,Balanced/Mixed
502,Dewott,Water,,75,75,60,83,60,60,413,1,Balanced/Mixed
503,Samurott,Water,,95,100,85,108,70,70,528,0,Hybrids/Utility
504,Patrat,Normal,,45,55,39,35,39,42,255,1,Balanced/Mixed
505,Watchog,Normal,,60,85,69,60,69,77,420,2,Hybrids/Utility
506,Lillipup,Normal,,45,60,45,25,45,55,275,1,Balanced/Mixed
507,Herdier,Normal,,65,80,65,35,65,60,370,1,Balanced/Mixed
508,Stoutland,Normal,,85,110,90,45,90,80,500,2,Hybrids/Utility
509,Purrloin,Dark,,41,50,37,50,37,66,281,1,Balanced/Mixed
510,Liepard,Dark,,64,88,50,88,50,106,446,0,Hybrids/Utility
511,Pansage,Grass,,50,53,48,53,48,64,316,1,Balanced/Mixed
512,Simisage,Grass,,75,98,63,98,63,101,498,0,Hybrids/Utility
513,Pansear,Fire,,50,53,48,53,48,64,316,1,Balanced/Mixed
514,Simisear,Fire,,75,98,63,98,63,101,498,0,Hybrids/Utility
515,Panpour,Water,,50,53,48,53,48,64,316,1,Balanced/Mixed
516,Simipour,Water,,75,98,63,98,63,101,498,0,Hybrids/Utility
517,Munna,Psychic,,76,25,45,67,55,24,292,1,Balanced/Mixed
518,Musharna,Psychic,,116,55,85,107,95,29,487,0,Hybrids/Utility
519,Pidove,Normal,Flying,50,55,50,36,30,43,264,1,Balanced/Mixed
520,Tranquill,Normal,Flying,62,77,62,50,42,65,358,1,Balanced/Mixed
521,Unfezant,Normal,Flying,80,115,80,65,55,93,488,2,Hybrids/Utility
522,Blitzle,Electric,,45,60,32,50,32,76,295,1,Balanced/Mixed
523,Zebstrika,Electric,,75,100,63,80,63,116,497,2,Hybrids/Utility
524,Roggenrola,Rock,,55,75,85,25,25,15,280,1,Balanced/Mixed
525,Boldore,Rock,,70,105,105,50,40,20,390,2,Hybrids/Utility
526,Gigalith,Rock,,85,135,130,60,80,25,515,2,Hybrids/Utility
527,Woobat,Psychic,Flying,65,45,43,55,43,72,323,1,Balanced/Mixed
528,Swoobat,Psychic,Flying,67,57,55,77,55,114,425,0,Hybrids/Utility
529,Drilbur,Ground,,60,85,40,30,45,68,328,1,Balanced/Mixed
530,Excadrill,Ground,Steel,110,135,60,50,65,88,508,2,Hybrids/Utility
531,Audino,Normal,,103,60,86,60,86,50,445,0,Hybrids/Utility
532,Timburr,Fighting,,75,80,55,25,35,35,305,1,Balanced/Mixed
533,Gurdurr,Fighting,,85,105,85,40,50,40,405,2,Hybrids/Utility
534,Conkeldurr,Fighting,,105,140,95,55,65,45,505,2,Hybrids/Utility
535,Tympole,Water,,50,50,40,50,40,64,294,1,Balanced/Mixed
536,Palpitoad,Water,Ground,75,65,55,65,55,69,384,1,Balanced/Mixed
537,Seismitoad,Water,Ground,105,95,75,85,75,74,509,0,Hybrids/Utility
538,Throh,Fighting,,120,100,85,30,85,45,465,2,Hybrids/Utility
539,Sawk,Fighting,,75,125,75,30,75,85,465,2,Hybrids/Utility
540,Sewaddle,Bug,Grass,45,53,70,40,60,42,310,1,Balanced/Mixed
541,Swadloon,Bug,Grass,55,63,90,50,80,42,380,1,Balanced/Mixed
542,Leavanny,Bug,Grass,75,103,80,70,80,92,500,2,Hybrids/Utility
543,Venipede,Bug,Poison,30,45,59,30,39,57,260,1,Balanced/Mixed
544,Whirlipede,Bug,Poison,40,55,99,40,79,47,360,1,Balanced/Mixed
545,Scolipede,Bug,Poison,60,100,89,55,69,112,485,2,Hybrids/Utility
546,Cottonee,Grass,Fairy,40,27,60,37,50,66,280,1,Balanced/Mixed
547,Whimsicott,Grass,Fairy,60,67,85,77,75,116,480,0,Hybrids/Utility
548,Petilil,Grass,,45,35,50,70,50,30,280,1,Balanced/Mixed
549,Lilligant,Grass,,70,60,75,110,75,90,480,0,Hybrids/Utility
550,Basculin,Water,,70,92,65,80,55,98,460,2,Hybrids/Utility
551,Sandile,Ground,Dark,50,72,35,35,35,65,292,1,Balanced/Mixed
552,Krokorok,Ground,Dark,60,82,45,45,45,74,351,1,Balanced/Mixed
553,Krookodile,Ground,Dark,95,117,80,65,70,92,519,2,Hybrids/Utility
554,Darumaka,Fire,,70,90,45,15,45,50,315,1,Balanced/Mixed
555,Darmanitan,Fire,,105,140,55,30,55,95,480,2,Hybrids/Utility
556,Maractus,Grass,,75,86,67,106,67,60,461,0,Hybrids/Utility
557,Dwebble,Bug,Rock,50,65,85,35,35,55,325,1,Balanced/Mixed
558,Crustle,Bug,Rock,70,105,125,65,75,45,485,2,Hybrids/Utility
559,Scraggy,Dark,Fighting,50,75,70,35,70,48,348,1,Balanced/Mixed
560,Scrafty,Dark,Fighting,65,90,115,45,115,58,488,2,Hybrids/Utility
561,Sigilyph,Psychic,Flying,72,58,80,103,80,97,490,0,Hybrids/Utility
562,Yamask,Ghost,,38,30,85,55,65,30,303,1,Balanced/Mixed
563,Cofagrigus,Ghost,,58,50,145,95,105,30,483,0,Hybrids/Utility
564,Tirtouga,Water,Rock,54,78,103,53,45,22,355,1,Balanced/Mixed
565,Carracosta,Water,Rock,74,108,133,83,65,32,495,2,Hybrids/Utility
566,Archen,Rock,Flying,55,112,45,74,45,70,401,1,Balanced/Mixed
567,Archeops,Rock,Flying,75,140,65,112,65,110,567,2,Hybrids/Utility
568,Trubbish,Poison,,50,50,62,40,62,65,329,1,Balanced/Mixed
569,Garbodor,Poison,,80,95,82,60,82,75,474,2,Hybrids/Utility
570,Zorua,Dark,,40,65,40,80,40,65,330,1,Balanced/Mixed
571,Zoroark,Dark,,60,105,60,120,60,105,510,0,Hybrids/Utility
572,Minccino,Normal,,55,50,40,40,40,75,300,1,Balanced/Mixed
573,Cinccino,Normal,,75,95,60,65,60,115,470,2,Hybrids/Utility
574,Gothita,Psychic,,45,30,50,55,65,45,290,1,Balanced/Mixed
575,Gothorita,Psychic,,60,45,70,75,85,55,390,1,Balanced/Mixed
576,Gothitelle,Psychic,,70,55,95,95,110,65,490,0,Hybrids/Utility
577,Solosis,Psychic,,45,30,40,105,50,20,290,1,Balanced/Mixed
578,Duosion,Psychic,,65,40,50,125,60,30,370,0,Hybrids/Utility
579,Reuniclus,Psychic,,110,65,75,125,85,30,490,0,Hybrids/Utility
580,Ducklett,Water,Flying,62,44,50,44,50,55,305,1,Balanced/Mixed
581,Swanna,Water,Flying,75,87,63,87,63,98,473,0,Hybrids/Utility
582,Vanillite,Ice,,36,50,50,65,60,44,305,1,Balanced/Mixed
583,Vanillish,Ice,,51,65,65,80,75,59,395,1,Balanced/Mixed
584,Vanilluxe,Ice,,71,95,85,110,95,79,535,0,Hybrids/Utility
585,Deerling,Normal,Grass,60,60,50,40,50,75,335,1,Balanced/Mixed
586,Sawsbuck,Normal,Grass,80,100,70,60,70,95,475,2,Hybrids/Utility
587,Emolga,Electric,Flying,55,75,60,75,60,103,428,0,Hybrids/Utility
588,Karrablast,Bug,,50,75,45,40,45,60,315,1,Balanced/Mixed
589,Escavalier,Bug,Steel,70,135,105,60,105,20,495,2,Hybrids/Utility
590,Foongus,Grass,Poison,69,55,45,55,55,15,294,1,Balanced/Mixed
591,Amoonguss,Grass,Poison,114,85,70,85,80,30,464,0,Hybrids/Utility
592,Frillish,Water,Ghost,55,40,50,65,85,40,335,1,Balanced/Mixed
593,Jellicent,Water,Ghost,100,60,70,85,105,60,480,0,Hybrids/Utility
594,Alomomola,Water,,165,75,80,40,45,65,470,2,Hybrids/Utility
595,Joltik,Bug,Electric,50,47,50,57,50,65,319,1,Balanced/Mixed
596,Galvantula,Bug,Electric,70,77,60,97,60,108,472,0,Hybrids/Utility
597,Ferroseed,Grass,Steel,44,50,91,24,86,10,305,1,Balanced/Mixed
598,Ferrothorn,Grass,Steel,74,94,131,54,116,20,489,2,Hybrids/Utility
599,Klink,Steel,,40,55,70,45,60,30,300,1,Balanced/Mixed
600,Klang,Steel,,60,80,95,70,85,50,440,2,Hybrids/Utility
601,Klinklang,Steel,,60,100,115,70,85,90,520,2,Hybrids/Utility
602,Tynamo,Electric,,35,55,40,45,40,60,275,1,Balanced/Mixed
603,Eelektrik,Electric,,65,85,70,75,70,40,405,1,Balanced/Mixed
604,Eelektross,Electric,,85,115,80,105,80,50,515,0,Hybrids/Utility
605,Elgyem,Psychic,,55,55,55,85,55,30,335,1,Balanced/Mixed
606,Beheeyem,Psychic,,75,75,75,125,95,40,485,0,Hybrids/Utility
607,Litwick,Ghost,Fire,50,30,55,65,55,20,275,1,Balanced/Mixed
608,Lampent,Ghost,Fire,60,40,60,95,60,55,370,1,Balanced/Mixed
609,Chandelure,Ghost,Fire,60,55,90,145,90,80,520,0,Hybrids/Utility
610,Axew,Dragon,,46,87,60,30,40,57,320,1,Balanced/Mixed
611,Fraxure,Dragon,,66,117,70,40,50,67,410,2,Hybrids/Utility
612,Haxorus,Dragon,,76,147,90,60,70,97,540,2,Hybrids/Utility
613,Cubchoo,Ice,,55,70,40,60,40,40,305,1,Balanced/Mixed
614,Beartic,Ice,,95,130,80,70,80,50,505,2,Hybrids/Utility
615,Cryogonal,Ice,,80,50,50,95,135,105,515,0,Hybrids/Utility
616,Shelmet,Bug,,50,40,85,40,65,25,305,1,Balanced/Mixed
617,Accelgor,Bug,,80,70,40,100,60,145,495,0,Hybrids/Utility
618,Stunfisk,Ground,Electric,109,66,84,81,99,32,471,0,Hybrids/Utility
619,Mienfoo,Fighting,,45,85,50,55,50,65,350,1,Balanced/Mixed
620,Mienshao,Fighting,,65,125,60,95,60,105,510,2,Hybrids/Utility
621,Druddigon,Dragon,,77,120,90,60,90,48,485,2,Hybrids/Utility
622,Golett,Ground,Ghost,59,74,50,35,50,35,303,1,Balanced/Mixed
623,Golurk,Ground,Ghost,89,124,80,55,80,55,483,2,Hybrids/Utility
624,Pawniard,Dark,Steel,45,85,70,40,40,60,340,1,Balanced/Mixed
625,Bisharp,Dark,Steel,65,125,100,60,70,70,490,2,Hybrids/Utility
626,Bouffalant,Normal,,95,110,95,40,95,55,490,2,Hybrids/Utility
627,Rufflet,Normal,Flying,70,83,50,37,50,60,350,1,Balanced/Mixed
628,Braviary,Normal,Flying,100,123,75,57,75,80,510,2,Hybrids/Utility
629,Vullaby,Dark,Flying,70,55,75,45,65,60,370,1,Balanced/Mixed
630,Mandibuzz,Dark,Flying,110,65,105,55,95,80,510,2,Hybrids/Utility
631,Heatmor,Fire,,85,97,66,105,66,65,484,0,Hybrids/Utility
632,Durant,Bug,Steel,58,109,112,48,48,109,484,2,Hybrids/Utility
633,Deino,Dark,Dragon,52,65,50,45,50,38,300,1,Balanced/Mixed
634,Zweilous,Dark,Dragon,72,85,70,65,70,58,420,2,Hybrids/Utility
635,Hydreigon,Dark,Dragon,92,105,90,125,90,98,600,0,Hybrids/Utility
636,Larvesta,Bug,Fire,55,85,55,50,55,60,360,1,Balanced/Mixed
637,Volcarona,Bug,Fire,85,60,65,135,105,100,550,0,Hybrids/Utility
638,Cobalion,Steel,Fighting,91,90,129,90,72,108,580,2,Hybrids/Utility
639,Terrakion,Rock,Fighting,91,129,90,72,90,108,580,2,Hybrids/Utility
640,Virizion,Grass,Fighting,91,90,72,90,129,108,580,0,Hybrids/Utility
641,Tornadus,Flying,,79,115,70,125,80,111,580,0,Hybrids/Utility
642,Thundurus,Electric,Flying,79,115,70,125,80,111,580,0,Hybrids/Utility
643,Reshiram,Dragon,Fire,100,120,100,150,120,90,680,0,Hybrids/Utility
644,Zekrom,Dragon,Electric,100,150,120,120,100,90,680,2,Hybrids/Utility
645,Landorus,Ground,Flying,89,125,90,115,80,101,600,0,Hybrids/Utility
646,Kyurem,Dragon,Ice,125,130,90,130,90,95,660,0,Hybrids/Utility
647,Keldeo,Water,Fighting,91,72,90,129,90,108,580,0,Hybrids/Utility
648,Meloetta,Normal,Psychic,100,77,77,128,128,90,600,0,Hybrids/Utility
649,Genesect,Bug,Steel,71,120,95,120,95,99,600,0,Hybrids/Utility
650,Chespin,Grass,,56,61,65,48,45,38,313,1,Balanced/Mixed
651,Quilladin,Grass,,61,78,95,56,58,57,405,2,Hybrids/Utility
652,Chesnaught,Grass,Fighting,88,107,122,74,75,64,530,2,Hybrids/Utility
653,Fennekin,Fire,,40,45,40,62,60,60,307,1,Balanced/Mixed
654,Braixen,Fire,,59,59,58,90,70,73,409,0,Hybrids/Utility
655,Delphox,Fire,Psychic,75,69,72,114,100,104,534,0,Hybrids/Utility
656,Froakie,Water,,41,56,40,62,44,71,314,1,Balanced/Mixed
657,Frogadier,Water,,54,63,52,83,56,97,405,1,Balanced/Mixed
658,Greninja,Water,Dark,72,95,67,103,71,122,530,0,Hybrids/Utility
659,Bunnelby,Normal,,38,36,38,32,36,57,237,1,Balanced/Mixed
660,Diggersby,Normal,Ground,85,56,77,50,77,78,423,1,Balanced/Mixed
661,Fletchling,Normal,Flying,45,50,43,40,38,62,278,1,Balanced/Mixed
662,Fletchinder,Fire,Flying,62,73,55,56,52,84,382,1,Balanced/Mixed
663,Talonflame,Fire,Flying,78,81,71,74,69,126,499,0,Hybrids/Utility
664,Scatterbug,Bug,,38,35,40,27,25,35,200,1,Balanced/Mixed
665,Spewpa,Bug,,45,22,60,27,30,29,213,1,Balanced/Mixed
666,Vivillon,Bug,Flying,80,52,50,90,50,89,411,0,Hybrids/Utility
667,Litleo,Fire,Normal,62,50,58,73,54,72,369,1,Balanced/Mixed
668,Pyroar,Fire,Normal,86,68,72,109,66,106,507,0,Hybrids/Utility
669,Flabébé,Fairy,,44,38,39,61,79,42,303,1,Balanced/Mixed
670,Floette,Fairy,,54,45,47,75,98,52,371,1,Balanced/Mixed
671,Florges,Fairy,,78,65,68,112,154,75,552,0,Hybrids/Utility
672,Skiddo,Grass,,66,65,48,62,57,52,350,1,Balanced/Mixed
673,Gogoat,Grass,,123,100,62,97,81,68,531,0,Hybrids/Utility
674,Pancham,Fighting,,67,82,62,46,48,43,348,1,Balanced/Mixed
675,Pangoro,Fighting,Dark,95,124,78,69,71,58,495,2,Hybrids/Utility
676,Furfrou,Normal,,75,80,60,65,90,102,472,0,Hybrids/Utility
677,Espurr,Psychic,,62,48,54,63,60,68,355,1,Balanced/Mixed
678,Meowstic,Psychic,,74,48,76,83,81,104,466,0,Hybrids/Utility
679,Honedge,Steel,Ghost,45,80,100,35,37,28,325,1,Balanced/Mixed
680,Doublade,Steel,Ghost,59,110,150,45,49,35,448,2,Hybrids/Utility
681,Aegislash,Steel,Ghost,60,50,140,50,140,60,500,0,Hybrids/Utility
682,Spritzee,Fairy,,78,52,60,63,65,23,341,1,Balanced/Mixed
683,Aromatisse,Fairy,,101,72,72,99,89,29,462,0,Hybrids/Utility
684,Swirlix,Fairy,,62,48,66,59,57,49,341,1,Balanced/Mixed
685,Slurpuff,Fairy,,82,80,86,85,75,72,480,0,Hybrids/Utility
686,Inkay,Dark,Psychic,53,54,53,37,46,45,288,1,Balanced/Mixed
687,Malamar,Dark,Psychic,86,92,88,68,75,73,482,2,Hybrids/Utility
688,Binacle,Rock,Water,42,52,67,39,56,50,306,1,Balanced/Mixed
689,Barbaracle,Rock,Water,72,105,115,54,86,68,500,2,Hybrids/Utility
690,Skrelp,Poison,Water,50,60,60,60,60,30,320,1,Balanced/Mixed
691,Dragalge,Poison,Dragon,65,75,90,97,123,44,494,0,Hybrids/Utility
692,Clauncher,Water,,50,53,62,58,63,44,330,1,Balanced/Mixed
693,Clawitzer,Water,,71,73,88,120,89,59,500,0,Hybrids/Utility
694,Helioptile,Electric,Normal,44,38,33,61,43,70,289,1,Balanced/Mixed
695,Heliolisk,Electric,Normal,62,55,52,109,94,109,481,0,Hybrids/Utility
696,Tyrunt,Rock,Dragon,58,89,77,45,45,48,362,1,Balanced/Mixed
697,Tyrantrum,Rock,Dragon,82,121,119,69,59,71,521,2,Hybrids/Utility
698,Amaura,Rock,Ice,77,59,50,67,63,46,362,1,Balanced/Mixed
699,Aurorus,Rock,Ice,123,77,72,99,92,58,521,0,Hybrids/Utility
700,Sylveon,Fairy,,95,65,65,110,130,60,525,0,Hybrids/Utility
701,Hawlucha,Fighting,Flying,78,92,75,74,63,118,500,2,Hybrids/Utility
702,Dedenne,Electric,Fairy,67,58,57,81,67,101,431,0,Hybrids/Utility
703,Carbink,Rock,Fairy,50,50,150,50,150,50,500,0,Hybrids/Utility
704,Goomy,Dragon,,45,50,35,55,75,40,300,1,Balanced/Mixed
705,Sliggoo,Dragon,,68,75,53,83,113,60,452,0,Hybrids/Utility
706,Goodra,Dragon,,90,100,70,110,150,80,600,0,Hybrids/Utility
707,Klefki,Steel,Fairy,57,80,91,80,87,75,470,0,Hybrids/Utility
708,Phantump,Ghost,Grass,43,70,48,50,60,38,309,1,Balanced/Mixed
709,Trevenant,Ghost,Grass,85,110,76,65,82,56,474,2,Hybrids/Utility
710,Pumpkaboo,Ghost,Grass,49,66,70,44,55,51,335,1,Balanced/Mixed
711,Gourgeist,Ghost,Grass,65,90,122,58,75,84,494,2,Hybrids/Utility
712,Bergmite,Ice,,55,69,85,32,35,28,304,1,Balanced/Mixed
713,Avalugg,Ice,,95,117,184,44,46,28,514,2,Hybrids/Utility
714,Noibat,Flying,Dragon,40,30,35,45,40,55,245,1,Balanced/Mixed
715,Noivern,Flying,Dragon,85,70,80,97,80,123,535,0,Hybrids/Utility
716,Xerneas,Fairy,,126,131,95,131,98,99,680,0,Hybrids/Utility
717,Yveltal,Dark,Flying,126,131,95,131,98,99,680,0,Hybrids/Utility
718,Zygarde,Dragon,Ground,108,100,121,81,95,95,600,2,Hybrids/Utility
719,Diancie,Rock,Fairy,50,100,150,100,150,50,600,0,Hybrids/Utility
720,Hoopa,Psychic,Ghost,80,110,60,150,130,70,600,0,Hybrids/Utility
721,Volcanion,Fire,Water,80,110,120,130,90,70,600,0,Hybrids/Utility
722,Rowlet,Grass,Flying,68,55,55,50,50,42,320,1,Balanced/Mixed
723,Dartrix,Grass,Flying,78,75,75,70,70,52,420,1,Balanced/Mixed
724,Decidueye,Grass,Ghost,78,107,75,100,100,70,530,0,Hybrids/Utility
725,Litten,Fire,,45,65,40,60,40,70,320,1,Balanced/Mixed
726,Torracat,Fire,,65,85,50,80,50,90,420,1,Balanced/Mixed
727,Incineroar,Fire,Dark,95,115,90,80,90,60,530,2,Hybrids/Utility
728,Popplio,Water,,50,54,54,66,56,40,320,1,Balanced/Mixed
729,Brionne,Water,,60,69,69,91,81,50,420,0,Hybrids/Utility
730,Primarina,Water,Fairy,80,74,74,126,116,60,530,0,Hybrids/Utility
731,Pikipek,Normal,Flying,35,75,30,30,30,65,265,1,Balanced/Mixed
732,Trumbeak,Normal,Flying,55,85,50,40,50,75,355,1,Balanced/Mixed
733,Toucannon,Normal,Flying,80,120,75,75,75,60,485,2,Hybrids/Utility
734,Yungoos,Normal,,48,70,30,30,30,45,253,1,Balanced/Mixed
735,Gumshoos,Normal,,88,110,60,55,60,45,418,2,Hybrids/Utility
736,Grubbin,Bug,,47,62,45,55,45,46,300,1,Balanced/Mixed
737,Charjabug,Bug,Electric,57,82,95,55,75,36,400,2,Hybrids/Utility
738,Vikavolt,Bug,Electric,77,70,90,145,75,43,500,0,Hybrids/Utility
739,Crabrawler,Fighting,,47,82,57,42,47,63,338,1,Balanced/Mixed
740,Crabominable,Fighting,Ice,97,132,77,62,67,43,478,2,Hybrids/Utility
741,Oricorio,Fire,Flying,75,70,70,98,70,93,476,0,Hybrids/Utility
742,Cutiefly,Bug,Fairy,40,45,40,55,40,84,304,1,Balanced/Mixed
743,Ribombee,Bug,Fairy,60,55,60,95,70,124,464,0,Hybrids/Utility
744,Rockruff,Rock,,45,65,40,30,40,60,280,1,Balanced/Mixed
745,Lycanroc,Rock,,75,115,65,55,65,112,487,2,Hybrids/Utility
746,Wishiwashi,Water,,45,20,20,25,25,40,175,1,Balanced/Mixed
747,Mareanie,Poison,Water,50,53,62,43,52,45,305,1,Balanced/Mixed
748,Toxapex,Poison,Water,50,63,152,53,142,35,495,2,Hybrids/Utility
749,Mudbray,Ground,,70,100,70,45,55,45,385,2,Hybrids/Utility
750,Mudsdale,Ground,,100,125,100,55,85,35,500,2,Hybrids/Utility
751,Dewpider,Water,Bug,38,40,52,40,72,27,269,1,Balanced/Mixed
752,Araquanid,Water,Bug,68,70,92,50,132,42,454,0,Hybrids/Utility
753,Fomantis,Grass,,40,55,35,50,35,35,250,1,Balanced/Mixed
754,Lurantis,Grass,,70,105,90,80,90,45,480,2,Hybrids/Utility
755,Morelull,Grass,Fairy,40,35,55,65,75,15,285,1,Balanced/Mixed
756,Shiinotic,Grass,Fairy,60,45,80,90,100,30,405,0,Hybrids/Utility
757,Salandit,Poison,Fire,48,44,40,71,40,77,320,1,Balanced/Mixed
758,Salazzle,Poison,Fire,68,64,60,111,60,117,480,0,Hybrids/Utility
759,Stufful,Normal,Fighting,70,75,50,45,50,50,340,1,Balanced/Mixed
760,Bewear,Normal,Fighting,120,125,80,55,60,60,500,2,Hybrids/Utility
761,Bounsweet,Grass,,42,30,38,30,38,32,210,1,Balanced/Mixed
762,Steenee,Grass,,52,40,48,40,48,62,290,1,Balanced/Mixed
763,Tsareena,Grass,,72,120,98,50,98,72,510,2,Hybrids/Utility
764,Comfey,Fairy,,51,52,90,82,110,100,485,0,Hybrids/Utility
765,Oranguru,Normal,Psychic,90,60,80,90,110,60,490,0,Hybrids/Utility
766,Passimian,Fighting,,100,120,90,40,60,80,490,2,Hybrids/Utility
767,Wimpod,Bug,Water,25,35,40,20,30,80,230,1,Balanced/Mixed
768,Golisopod,Bug,Water,75,125,140,60,90,40,530,2,Hybrids/Utility
769,Sandygast,Ghost,Ground,55,55,80,70,45,15,320,1,Balanced/Mixed
770,Palossand,Ghost,Ground,85,75,110,100,75,35,480,0,Hybrids/Utility
771,Pyukumuku,Water,,55,60,130,30,130,5,410,2,Hybrids/Utility
772,Type: Null,Normal,,95,95,95,95,95,59,534,0,Hybrids/Utility
773,Silvally,Normal,,95,95,95,95,95,95,570,0,Hybrids/Utility
774,Minior,Rock,Flying,60,60,100,60,100,60,440,0,Hybrids/Utility
775,Komala,Normal,,65,115,65,75,95,65,480,2,Hybrids/Utility
776,Turtonator,Fire,Dragon,60,78,135,91,85,36,485,2,Hybrids/Utility
777,Togedemaru,Electric,Steel,65,98,63,40,73,96,435,2,Hybrids/Utility
778,Mimikyu,Ghost,Fairy,55,90,80,50,105,96,476,2,Hybrids/Utility
779,Bruxish,Water,Psychic,68,105,70,70,70,92,475,2,Hybrids/Utility
780,Drampa,Normal,Dragon,78,60,85,135,91,36,485,0,Hybrids/Utility
781,Dhelmise,Ghost,Grass,70,131,100,86,90,40,517,2,Hybrids/Utility
782,Jangmo-o,Dragon,,45,55,65,45,45,45,300,1,Balanced/Mixed
783,Hakamo-o,Dragon,Fighting,55,75,90,65,70,65,420,2,Hybrids/Utility
784,Kommo-o,Dragon,Fighting,75,110,125,100,105,85,600,2,Hybrids/Utility
785,Tapu Koko,Electric,Fairy,70,115,85,95,75,130,570,2,Hybrids/Utility
786,Tapu Lele,Psychic,Fairy,70,85,75,130,115,95,570,0,Hybrids/Utility
787,Tapu Bulu,Grass,Fairy,70,130,115,85,95,75,570,2,Hybrids/Utility
788,Tapu Fini,Water,Fairy,70,75,115,95,130,85,570,0,Hybrids/Utility
789,Cosmog,Psychic,,43,29,31,29,31,37,200,1,Balanced/Mixed
790,Cosmoem,Psychic,,43,29,131,29,131,37,400,1,Balanced/Mixed
791,Solgaleo,Psychic,Steel,137,137,107,113,89,97,680,2,Hybrids/Utility
792,Lunala,Psychic,Ghost,137,113,89,137,107,97,680,0,Hybrids/Utility
793,Nihilego,Rock,Poison,109,53,47,127,131,103,570,0,Hybrids/Utility
794,Buzzwole,Bug,Fighting,107,139,139,53,53,79,570,2,Hybrids/Utility
795,Pheromosa,Bug,Fighting,71,137,37,137,37,151,570,0,Hybrids/Utility
796,Xurkitree,Electric,,83,89,71,173,71,83,570,0,Hybrids/Utility
797,Celesteela,Steel,Flying,97,101,103,107,101,61,570,0,Hybrids/Utility
798,Kartana,Grass,Steel,59,181,131,59,31,109,570,2,Hybrids/Utility
799,Guzzlord,Dark,Dragon,223,101,53,97,53,43,570,0,Hybrids/Utility
800,Necrozma,Psychic,,97,107,101,127,89,79,600,0,Hybrids/Utility
801,Magearna,Steel,Fairy,80,95,115,130,115,65,600,0,Hybrids/Utility
802,Marshadow,Fighting,Ghost,90,125,80,90,90,125,600,2,Hybrids/Utility
803,Poipole,Poison,,67,73,67,73,67,73,420,1,Balanced/Mixed
804,Naganadel,Poison,Dragon,73,73,73,127,73,121,540,0,Hybrids/Utility
805,Stakataka,Rock,Steel,61,131,211,53,101,13,570,2,Hybrids/Utility
806,Blacephalon,Fire,Ghost,53,127,53,151,79,107,570,0,Hybrids/Utility
807,Zeraora,Electric,,88,112,75,102,80,143,600,0,Hybrids/Utility
808,Meltan,Steel,,46,65,65,55,35,34,300,1,Balanced/Mixed
809,Melmetal,Steel,,135,143,143,80,65,34,600,2,Hybrids/Utility
810,Grookey,Grass,,50,65,50,40,40,65,310,1,Balanced/Mixed
811,Thwackey,Grass,,70,85,70,55,60,80,420,2,Hybrids/Utility
812,Rillaboom,Grass,,100,125,90,60,70,85,530,2,Hybrids/Utility
813,Scorbunny,Fire,,50,71,40,40,40,69,310,1,Balanced/Mixed
814,Raboot,Fire,,65,86,60,55,60,94,420,2,Hybrids/Utility
815,Cinderace,Fire,,80,116,75,65,75,119,530,2,Hybrids/Utility
816,Sobble,Water,,50,40,40,70,40,70,310,1,Balanced/Mixed
817,Drizzile,Water,,65,60,55,95,55,90,420,0,Hybrids/Utility
818,Inteleon,Water,,70,85,65,125,65,120,530,0,Hybrids/Utility
819,Skwovet,Normal,,70,55,55,35,35,25,275,1,Balanced/Mixed
820,Greedent,Normal,,120,95,95,55,75,20,460,2,Hybrids/Utility
821,Rookidee,Flying,,38,47,35,33,35,57,245,1,Balanced/Mixed
822,Corvisquire,Flying,,68,67,55,43,55,77,365,1,Balanced/Mixed
823,Corviknight,Flying,Steel,98,87,105,53,85,67,495,2,Hybrids/Utility
824,Blipbug,Bug,,25,20,20,25,45,45,180,1,Balanced/Mixed
825,Dottler,Bug,Psychic,50,35,80,50,90,30,335,1,Balanced/Mixed
826,Orbeetle,Bug,Psychic,60,45,110,80,120,90,505,0,Hybrids/Utility
827,Nickit,Dark,,40,28,28,47,52,50,245,1,Balanced/Mixed
828,Thievul,Dark,,70,58,58,87,92,90,455,0,Hybrids/Utility
829,Gossifleur,Grass,,40,40,60,40,60,10,250,1,Balanced/Mixed
830,Eldegoss,Grass,,60,50,90,80,120,60,460,0,Hybrids/Utility
831,Wooloo,Normal,,42,40,55,40,45,48,270,1,Balanced/Mixed
832,Dubwool,Normal,,72,80,100,60,90,88,490,2,Hybrids/Utility
833,Chewtle,Water,,50,64,50,38,38,44,284,1,Balanced/Mixed
834,Drednaw,Water,Rock,90,115,90,48,68,74,485,2,Hybrids/Utility
835,Yamper,Electric,,59,45,50,40,50,26,270,1,Balanced/Mixed
836,Boltund,Electric,,69,90,60,90,60,121,490,0,Hybrids/Utility
837,Rolycoly,Rock,,30,40,50,40,50,30,240,1,Balanced/Mixed
838,Carkol,Rock,Fire,80,60,90,60,70,50,410,1,Balanced/Mixed
839,Coalossal,Rock,Fire,110,80,120,80,90,30,510,2,Hybrids/Utility
840,Applin,Grass,Dragon,40,40,80,40,40,20,260,1,Balanced/Mixed
841,Flapple,Grass,Dragon,70,110,80,95,60,70,485,2,Hybrids/Utility
842,Appletun,Grass,Dragon,110,85,80,100,80,30,485,0,Hybrids/Utility
843,Silicobra,Ground,,52,57,75,35,50,46,315,1,Balanced/Mixed
844,Sandaconda,Ground,,72,107,125,65,70,71,510,2,Hybrids/Utility
845,Cramorant,Flying,Water,70,85,55,85,95,85,475,0,Hybrids/Utility
846,Arrokuda,Water,,41,63,40,40,30,66,280,1,Balanced/Mixed
847,Barraskewda,Water,,61,123,60,60,50,136,490,2,Hybrids/Utility
848,Toxel,Electric,Poison,40,38,35,54,35,40,242,1,Balanced/Mixed
849,Toxtricity,Electric,Poison,75,98,70,114,70,75,502,0,Hybrids/Utility
850,Sizzlipede,Fire,Bug,50,65,45,50,50,45,305,1,Balanced/Mixed
851,Centiskorch,Fire,Bug,100,115,65,90,90,65,525,0,Hybrids/Utility
852,Clobbopus,Fighting,,50,68,60,50,50,32,310,1,Balanced/Mixed
853,Grapploct,Fighting,,80,118,90,70,80,42,480,2,Hybrids/Utility
854,Sinistea,Ghost,,40,45,45,74,54,50,308,1,Balanced/Mixed
855,Polteageist,Ghost,,60,65,65,134,114,70,508,0,Hybrids/Utility
856,Hatenna,Psychic,,42,30,45,56,53,39,265,1,Balanced/Mixed
857,Hattrem,Psychic,,57,40,65,86,73,49,370,1,Balanced/Mixed
858,Hatterene,Psychic,Fairy,57,90,95,136,103,29,510,0,Hybrids/Utility
859,Impidimp,Dark,Fairy,45,45,30,55,40,50,265,1,Balanced/Mixed
860,Morgrem,Dark,Fairy,65,60,45,75,55,70,370,1,Balanced/Mixed
861,Grimmsnarl,Dark,Fairy,95,120,65,95,75,60,510,2,Hybrids/Utility
862,Obstagoon,Dark,Normal,93,90,101,60,81,95,520,2,Hybrids/Utility
863,Perrserker,Steel,,70,110,100,50,60,50,440,2,Hybrids/Utility
864,Cursola,Ghost,,60,95,50,145,130,30,510,0,Hybrids/Utility
865,Sirfetch'd,Fighting,,62,135,95,68,82,65,507,2,Hybrids/Utility
866,Mr. Rime,Ice,Psychic,80,85,75,110,100,70,520,0,Hybrids/Utility
867,Runerigus,Ground,Ghost,58,95,145,50,105,30,483,2,Hybrids/Utility
868,Milcery,Fairy,,45,40,40,50,61,34,270,1,Balanced/Mixed
869,Alcremie,Fairy,,65,60,75,110,121,64,495,0,Hybrids/Utility
870,Falinks,Fighting,,65,100,100,70,60,75,470,2,Hybrids/Utility
871,Pincurchin,Electric,,48,101,95,91,85,15,435,2,Hybrids/Utility
872,Snom,Ice,Bug,30,25,35,45,30,20,185,1,Balanced/Mixed
873,Frosmoth,Ice,Bug,70,65,60,125,90,65,475,0,Hybrids/Utility
874,Stonjourner,Rock,,100,125,135,20,20,70,470,2,Hybrids/Utility
875,Eiscue,Ice,,75,80,110,65,90,50,470,2,Hybrids/Utility
876,Indeedee,Psychic,Normal,60,65,55,105,95,95,475,0,Hybrids/Utility
877,Morpeko,Electric,Dark,58,95,58,70,58,97,436,2,Hybrids/Utility
878,Cufant,Steel,,72,80,49,40,49,40,330,1,Balanced/Mixed
879,Copperajah,Steel,,122,130,69,80,69,30,500,2,Hybrids/Utility
880,Dracozolt,Electric,Dragon,90,100,90,80,70,75,505,2,Hybrids/Utility
881,Arctozolt,Electric,Ice,90,100,90,90,80,55,505,2,Hybrids/Utility
882,Dracovish,Water,Dragon,90,90,100,70,80,75,505,2,Hybrids/Utility
883,Arctovish,Water,Ice,90,90,100,80,90,55,505,2,Hybrids/Utility
884,Duraludon,Steel,Dragon,70,95,115,120,50,85,535,2,Hybrids/Utility
885,Dreepy,Dragon,Ghost,28,60,30,40,30,82,270,1,Balanced/Mixed
886,Drakloak,Dragon,Ghost,68,80,50,60,50,102,410,1,Balanced/Mixed
887,Dragapult,Dragon,Ghost,88,120,75,100,75,142,600,0,Hybrids/Utility
888,Zacian,Fairy,,92,120,115,80,115,138,660,2,Hybrids/Utility
889,Zamazenta,Fighting,,92,120,115,80,115,138,660,2,Hybrids/Utility
890,Eternatus,Poison,Dragon,140,85,95,145,95,130,690,0,Hybrids/Utility
891,Kubfu,Fighting,,60,90,60,53,50,72,385,1,Balanced/Mixed
892,Urshifu,Fighting,Dark,100,130,100,63,60,97,550,2,Hybrids/Utility
893,Zarude,Dark,Grass,105,120,105,70,95,105,600,2,Hybrids/Utility
894,Regieleki,Electric,,80,100,50,100,50,200,580,0,Hybrids/Utility
895,Regidrago,Dragon,,200,100,50,100,50,80,580,0,Hybrids/Utility
896,Glastrier,Ice,,100,145,130,65,110,30,580,2,Hybrids/Utility
897,Spectrier,Ghost,,100,65,60,145,80,130,580,0,Hybrids/Utility
898,Calyrex,Psychic,Grass,100,80,80,80,80,80,500,0,Hybrids/Utility
899,Wyrdeer,Normal,Psychic,103,105,72,105,75,65,525,0,Hybrids/Utility
900,Kleavor,Bug,Rock,70,135,95,45,70,85,500,2,Hybrids/Utility
901,Ursaluna,Ground,Normal,130,140,105,45,80,50,550,2,Hybrids/Utility
902,Basculegion,Water,Ghost,120,112,65,80,75,78,530,2,Hybrids/Utility
903,Sneasler,Fighting,Poison,80,130,60,40,80,120,510,2,Hybrids/Utility
904,Overqwil,Dark,Poison,85,115,95,65,65,85,510,2,Hybrids/Utility
905,Enamorus,Fairy,Flying,74,115,70,135,80,106,580,0,Hybrids/Utility
906,Sprigatito,Grass,,40,61,54,45,45,65,310,1,Balanced/Mixed
907,Floragato,Grass,,61,80,63,60,63,83,410,1,Balanced/Mixed
908,Meowscarada,Grass,Dark,76,110,70,81,70,123,530,2,Hybrids/Utility
909,Fuecoco,Fire,,67,45,59,63,40,36,310,1,Balanced/Mixed
910,Crocalor,Fire,,81,55,78,90,58,49,411,0,Hybrids/Utility
911,Skeledirge,Fire,Ghost,104,75,100,110,75,66,530,0,Hybrids/Utility
912,Quaxly,Water,,55,65,45,50,45,50,310,1,Balanced/Mixed
913,Quaxwell,Water,,70,85,65,65,60,65,410,1,Balanced/Mixed
914,Quaquaval,Water,Fighting,85,120,80,85,75,85,530,2,Hybrids/Utility
915,Lechonk,Normal,,54,45,40,35,45,35,254,1,Balanced/Mixed
916,Oinkologne,Normal,,110,100,75,59,80,65,489,2,Hybrids/Utility
917,Tarountula,Bug,,35,41,45,29,40,20,210,1,Balanced/Mixed
918,Spidops,Bug,,60,79,92,52,86,35,404,2,Hybrids/Utility
919,Nymble,Bug,,33,46,40,21,25,45,210,1,Balanced/Mixed
920,Lokix,Bug,Dark,71,102,78,52,55,92,450,2,Hybrids/Utility
921,Pawmi,Electric,,45,50,20,40,25,60,240,1,Balanced/Mixed
922,Pawmo,Electric,Fighting,60,75,40,50,40,85,350,1,Balanced/Mixed
923,Pawmot,Electric,Fighting,70,115,70,70,60,105,490,2,Hybrids/Utility
924,Tandemaus,Normal,,50,50,45,40,45,75,305,1,Balanced/Mixed
925,Maushold,Normal,,74,75,70,65,75,111,470,0,Hybrids/Utility
926,Fidough,Fairy,,37,55,70,30,55,65,312,1,Balanced/Mixed
927,Dachsbun,Fairy,,57,80,115,50,80,95,477,2,Hybrids/Utility
928,Smoliv,Grass,Normal,41,35,45,58,51,30,260,1,Balanced/Mixed
929,Dolliv,Grass,Normal,52,53,60,78,78,33,354,1,Balanced/Mixed
930,Arboliva,Grass,Normal,78,69,90,125,109,39,510,0,Hybrids/Utility
931,Squawkabilly,Normal,Flying,82,96,51,45,51,92,417,2,Hybrids/Utility
932,Nacli,Rock,,55,55,75,35,35,25,280,1,Balanced/Mixed
933,Naclstack,Rock,,60,60,100,35,65,35,355,1,Balanced/Mixed
934,Garganacl,Rock,,100,100,130,45,90,35,500,2,Hybrids/Utility
935,Charcadet,Fire,,40,50,40,50,40,35,255,1,Balanced/Mixed
936,Armarouge,Fire,Psychic,85,60,100,125,80,75,525,0,Hybrids/Utility
937,Ceruledge,Fire,Ghost,75,125,80,60,100,85,525,2,Hybrids/Utility
938,Tadbulb,Electric,,61,31,41,59,35,45,272,1,Balanced/Mixed
939,Bellibolt,Electric,,109,64,91,103,83,45,495,0,Hybrids/Utility
940,Wattrel,Electric,Flying,40,40,35,55,40,70,280,1,Balanced/Mixed
941,Kilowattrel,Electric,Flying,70,70,60,105,60,125,490,0,Hybrids/Utility
942,Maschiff,Dark,,60,78,60,40,51,51,340,1,Balanced/Mixed
943,Mabosstiff,Dark,,80,120,90,60,70,85,505,2,Hybrids/Utility
944,Shroodle,Poison,Normal,40,65,35,40,35,75,290,1,Balanced/Mixed
945,Grafaiai,Poison,Normal,63,95,65,80,72,110,485,0,Hybrids/Utility
946,Bramblin,Grass,Ghost,40,65,30,45,35,60,275,1,Balanced/Mixed
947,Brambleghast,Grass,Ghost,55,115,70,80,70,90,480,2,Hybrids/Utility
948,Toedscool,Ground,Grass,40,40,35,50,100,70,335,1,Balanced/Mixed
949,Toedscruel,Ground,Grass,80,70,65,80,120,100,515,0,Hybrids/Utility
950,Klawf,Rock,,70,100,115,35,55,75,450,2,Hybrids/Utility
951,Capsakid,Grass,,50,62,40,62,40,50,304,1,Balanced/Mixed
952,Scovillain,Grass,Fire,65,108,65,108,65,75,486,0,Hybrids/Utility
953,Rellor,Bug,,41,50,60,31,58,30,270,1,Balanced/Mixed
954,Rabsca,Bug,Psychic,75,50,85,115,100,45,470,0,Hybrids/Utility
955,Flittle,Psychic,,30,35,30,55,30,75,255,1,Balanced/Mixed
956,Espathra,Psychic,,95,60,60,101,60,105,481,0,Hybrids/Utility
957,Tinkatink,Fairy,Steel,50,45,45,35,64,58,297,1,Balanced/Mixed
958,Tinkatuff,Fairy,Steel,65,55,55,45,82,78,380,1,Balanced/Mixed
959,Tinkaton,Fairy,Steel,85,75,77,70,105,94,506,0,Hybrids/Utility
960,Wiglett,Water,,10,55,25,35,25,95,245,1,Balanced/Mixed
961,Wugtrio,Water,,35,100,50,50,70,120,425,2,Hybrids/Utility
962,Bombirdier,Flying,Dark,70,103,85,60,85,82,485,2,Hybrids/Utility
963,Finizen,Water,,70,45,40,45,40,75,315,1,Balanced/Mixed
964,Palafin,Water,,100,70,72,53,62,100,457,2,Hybrids/Utility
965,Varoom,Steel,Poison,45,70,63,30,45,47,300,1,Balanced/Mixed
966,Revavroom,Steel,Poison,80,119,90,54,67,90,500,2,Hybrids/Utility
967,Cyclizar,Dragon,Normal,70,95,65,85,65,121,501,0,Hybrids/Utility
968,Orthworm,Steel,,70,85,145,60,55,65,480,2,Hybrids/Utility
969,Glimmet,Rock,Poison,48,35,42,105,60,60,350,1,Balanced/Mixed
970,Glimmora,Rock,Poison,83,55,90,130,81,86,525,0,Hybrids/Utility
971,Greavard,Ghost,,50,61,60,30,55,34,290,1,Balanced/Mixed
972,Houndstone,Ghost,,72,101,100,50,97,68,488,2,Hybrids/Utility
973,Flamigo,Flying,Fighting,82,115,74,75,64,90,500,2,Hybrids/Utility
974,Cetoddle,Ice,,108,68,45,30,40,43,334,1,Balanced/Mixed
975,Cetitan,Ice,,170,113,65,45,55,73,521,2,Hybrids/Utility
976,Veluza,Water,Psychic,90,102,73,78,65,70,478,2,Hybrids/Utility
977,Dondozo,Water,,150,100,115,65,65,35,530,2,Hybrids/Utility
978,Tatsugiri,Dragon,Water,68,50,60,120,95,82,475,0,Hybrids/Utility
979,Annihilape,Fighting,Ghost,110,115,80,50,90,90,535,2,Hybrids/Utility
980,Clodsire,Poison,Ground,130,75,60,45,100,20,430,2,Hybrids/Utility
981,Farigiraf,Normal,Psychic,120,90,70,110,70,60,520,0,Hybrids/Utility
982,Dudunsparce,Normal,,125,100,80,85,75,55,520,2,Hybrids/Utility
983,Kingambit,Dark,Steel,100,135,120,60,85,50,550,2,Hybrids/Utility
984,Great Tusk,Ground,Fighting,115,131,131,53,53,87,570,2,Hybrids/Utility
985,Scream Tail,Fairy,Psychic,115,65,99,65,115,111,570,0,Hybrids/Utility
986,Brute Bonnet,Grass,Dark,111,127,99,79,99,55,570,2,Hybrids/Utility
987,Flutter Mane,Ghost,Fairy,55,55,55,135,135,135,570,0,Hybrids/Utility
988,Slither Wing,Bug,Fighting,85,135,79,85,105,81,570,2,Hybrids/Utility
989,Sandy Shocks,Electric,Ground,85,81,97,121,85,101,570,0,Hybrids/Utility
990,Iron Treads,Ground,Steel,90,112,120,72,70,106,570,2,Hybrids/Utility
991,Iron Bundle,Ice,Water,56,80,114,124,60,136,570,0,Hybrids/Utility
992,Iron Hands,Fighting,Electric,154,140,108,50,68,50,570,2,Hybrids/Utility
993,Iron Jugulis,Dark,Flying,94,80,86,122,80,108,570,0,Hybrids/Utility
994,Iron Moth,Fire,Poison,80,70,60,140,110,110,570,0,Hybrids/Utility
995,Iron Thorns,Rock,Electric,100,134,110,70,84,72,570,2,Hybrids/Utility
996,Frigibax,Dragon,Ice,65,75,45,35,45,55,320,1,Balanced/Mixed
997,Arctibax,Dragon,Ice,90,95,66,45,65,62,423,2,Hybrids/Utility
998,Baxcalibur,Dragon,Ice,115,145,92,75,86,87,600,2,Hybrids/Utility
999,Gimmighoul,Ghost,,45,30,70,75,70,10,300,1,Balanced/Mixed
1000,Gholdengo,Steel,Ghost,87,60,95,133,91,84,550,0,Hybrids/Utility
1001,Wo-Chien,Dark,Grass,85,85,100,95,135,70,570,0,Hybrids/Utility
1002,Chien-Pao,Dark,Ice,80,120,80,90,65,135,570,2,Hybrids/Utility
1003,Ting-Lu,Dark,Ground,155,110,125,55,80,45,570,2,Hybrids/Utility
1004,Chi-Yu,Dark,Fire,55,80,80,135,120,100,570,0,Hybrids/Utility
1005,Roaring Moon,Dragon,Dark,105,139,71,55,101,119,590,2,Hybrids/Utility
1006,Iron Valiant,Fairy,Fighting,74,130,90,120,60,116,590,2,Hybrids/Utility
1007,Koraidon,Fighting,Dragon,100,135,115,85,100,135,670,2,Hybrids/Utility
1008,Miraidon,Electric,Dragon,100,85,100,135,115,135,670,0,Hybrids/Utility
1009,Walking Wake,Water,Dragon,99,83,91,125,83,109,590,0,Hybrids/Utility
1010,Iron Leaves,Grass,Psychic,90,130,88,70,108,104,590,2,Hybrids/Utility
1011,Dipplin,Grass,Dragon,80,80,110,95,80,40,485,0,Hybrids/Utility
1012,Poltchageist,Grass,Ghost,40,45,45,74,54,50,308,1,Balanced/Mixed
1013,Sinistcha,Grass,Ghost,71,60,106,121,80,70,508,0,Hybrids/Utility
1014,Okidogi,Poison,Fighting,88,128,115,58,86,80,555,2,Hybrids/Utility
1015,Munkidori,Poison,Psychic,88,75,66,130,90,106,555,0,Hybrids/Utility
1016,Fezandipiti,Poison,Fairy,88,91,82,70,125,99,555,0,Hybrids/Utility
1017,Ogerpon,Grass,,80,120,84,60,96,110,550,2,Hybrids/Utility
1018,Archaludon,Steel,Dragon,90,105,130,125,65,85,600,2,Hybrids/Utility
1019,Hydrapple,Grass,Dragon,106,80,110,120,80,44,540,0,Hybrids/Utility
1020,Gouging Fire,Fire,Dragon,105,115,121,65,93,91,590,2,Hybrids/Utility
1021,Raging Bolt,Electric,Dragon,125,73,91,137,89,75,590,0,Hybrids/Utility
1022,Iron Boulder,Rock,Psychic,90,120,80,68,108,124,590,2,Hybrids/Utility
1023,Iron Crown,Steel,Psychic,90,72,100,122,108,98,590,0,Hybrids/Utility
1024,Terapagos,Normal,,90,65,85,65,85,60,450,0,Hybrids/Utility
1025,Pecharunt,Poison,Ghost,88,88,160,88,88,88,600,2,Hybrids/Utility
